Input	Target
"EXHORTACION
a los Maesfróſ."	"EXHORTACION
a los Maestros."
"EMULANDO lás
obligaciones, y
zelo de las bue
nas madres a quie
concede nuestro
Seño:r tiempo de
poder ser a sus hijos Maestrar de
birtud, he procurado recoger en
este tratadillo los primeros materiales para la educacio de los mios."	"EMULANDO las
obligaciones, y
zelo de las bue
nas madres a quie
concede nuestro
Señor tiempo de
poder ser a sus hijos Maestrar de
virtud, he procurado recoger en
este tratadillo los primeros materiales para la educacio de los mios."
"Ante todas cosas. lo que deven creer y  entender: seundo lo que deven obrar; y tras esto lo que les
conviene saber, y premmeditar des
de la cuna hasta el ultimo dia de su
vida, que es el ser mortales."	"Ante todas cosas lo que deven creer y entender: segundo lo que deven obrar; y tras esto lo que les
conviene saber, y premeditar des
de la cuna hasta el ultimo dia de su
vida, que es el ser mortales."
"Ay ynfinitos cathecismos con
declaraciones de la Doc,trinia Christiana, y no menos exercicios espirituales de cada dia, como otros de
la muerte; pero ueo tan pocas ue
zes nada de esto en ,manos de gente noboe, que me parece se persuaden, no son materias que tocan a su 
estado."	"Ay infinitos cathecismos con
declaraciones de la Doctrinia Christiana, y no menos exercicios espirituales de cada dia, como otros de
la muerte; pero veo tan pocas ve
zes nada de esto en manos de gente noboe, que me parece se persuaden, no son materias que tocan a su 
estado."
"Para ecta obra me ha parecido 
elegir de las de aquel santo varon
(por mil razones Eminentisimo)
Cardenal Belarminio algunas materias, assi para la declaracion de la
Doctrina Christiana, como otras, 
que tambien son de la importante 
(y que es justo no ignore gente de
entendmiento) de que va compuesto un sucinto Dialago, pues assi podra mejor tomarse de memoria, 
cosa muy concerniente a los ninos;
y otro exercicio breve para cada
dia, que ordenado uno de los de la
vida, lo esta toda ella con la perseverancia; para este se ha sacado lo 
que ha parecido mas al intento de
los muchos Maestros espirituales,
que escriven sobre essa materia: el
de la muerte es por camino diferente de los que corren, y aunque
parecera a algunos materia muy
solida para ninos, desde los diez y 
seys anos la juzgo convenientissima, que pues en esse tiempo empiezan a conocer, y aun a elegir, lo
que los despena, necessitan de tal
rienda."	"Para esta obra me ha parecido 
elegir de las de aquel santo varon
(por mil razones Eminentisimo)
Cardenal Belarminio algunas materias, assi para la declaracion de la
Doctrina Christiana, como otras, 
que tambien son de la importante 
(y que es justo no ignore gente de
entendmiento) de que va compuesto un sucinto Dialago, pues assi podra mejor tomarse de memoria, 
cosa muy concerniente a los niños;
y otro exercicio breve para cada
dia, que ordenado uno de los de la
vida, lo esta toda ella con la perseverancia; para este se ha sacado lo 
que ha parecido mas al intento de
los muchos Maestros espirituales,
que escriven sobre essa materia: el
de la muerte es por camino diferente de los que corren, y aunque
parecera a algunos materia muy
solida para niños, desde los diez y 
seys años la juzgo convenientissima, que pues en esse tiempo empiezan a conocer, y aun a elegir, lo
que los despeña, necessitan de tal
rienda."
"Todó efl0 lo dedico à mi5
Hlgos, pára quc viend0 el sobrc eserit0 enoaminàdo a ellos, no puédañ desconocerïo, ni dudén que
había còn niñoſ Nòbles, y con
Càvaileros Chrislian0s; mas para
que se lo deñ a enfender ,àssi desdé
ia5 pr1meras 1ïciones, io pongò àntes que cn laf suyas, en manos dé
lóſ Máeslro5 que se les han scñalad0, éxhortándoïos junlámeñle a
üsar o0mo dcven de su Magisferio."	"Todo esto lo dedico a mis
Hijos, para que viendo el sobre escrito encaminado a ellos, no puedan desconocerlo, ni duden que
habla con niños Nobles, y con
Cavalleros Christianos; mas para
que se lo den a entender assi desde
las primeras liciones, lo pongo antes que en las suyas, en manos de
los Maestros que se les han señalado, exhortandolos juntamente a
usar como deven de su Magisterio."
"Y sea lo primero que les pido, encomienden mucyk a Dios este
acierto, no solo al principio, sino
con continuacion, despertando, o
dando vida (segun dizen otros con 
essos bramidos de generosos Leones, a los recien nacidos cachorriyos, que no solo deven imitarles
esta propiedad, sino tambien la de
hazerse temer, con entereza y severidad a los discipulos rebeld es, y
en la piedad, y mansedumbre con
los humildes y dociles."	"Y sea lo primero que les pido, encomienden mucho a Dios este
acierto, no solo al principio, sino
con continuacion, despertando, o
dando vida (según dizen otros con 
essos bramidos de generosos Leones, a los recien nacidos cachorrillos, que no solo deven imitarles
esta propiedad, sino tambien la de
hazerse temer, con entereza y severidad a los discipulos rebeldes, y
en la piedad, y mansedumbre con
los humildes y dociles."
"Poco diFerencia de eslo lo que dize Sañ
Agustin, de qúe la dòctrina tiene
dof partes, qüe f0n, la prohibicion
dondc es meñéster el temor, y íá 
instrucc1on que 5e ha de hazer con
amor; tomen pues al giorioso Patriarca San Ioseph pór guia, y Pa
tron, que como dize San Bernardo
füé Ayo de Chrlsto, y cóñsideren
loſ m0tivof, con que se hállarañ
ob1igadof a cncàrgarse dé5ta empréfsa múy de veras, El priméro, 
averlos Dióſ clegido para cllà, como se puede creer eñ fodo5 los ca
sos que se éncomiéñdan a sú providencia, y se dcsean para su servlcio; y ésta eleccion es de Angeles
dc güarda para eñcaminar y preservar laſ almas de sus d1cipülòs
(que han de hazer de h0mbres de
tierrà Ciudadanos para el oieló) lá
qual pàrece los persuade a teñer 
pureza oomo Angeiica, tan forzo5a
para que 0bre la ensenánza, quc ha
de ser muy perfecto el que ha de
presérvar de fallas a ofròſ."	"Poco diFerencia de esto lo que dize San
Agustin, de que la doctrina tiene
dos partes, que son, la prohibicion
donde es menester el temor, y la 
instrucción que se ha de hazer con
amor; tomen pues al glorioso Patriarca San Ioseph por guia, y Pa
tron, que como dize San Bernardo
fue Ayo de Christo, y consideren
los motivos, con que se hallaran
obligados a encargarse desta empressa muy de veras, El primero, 
averlos Dios elegido para ella, como se puede creer en todos los ca
sos que se encomiendan a su providencia, y se desean para su servicio; y esta eleccion es de Angeles
de guarda para encaminar y preservar las almas de sus dicipulos
(que han de hazer de hombres de
tierra Ciudadanos para el cielo) la
qual parece los persuade a tener 
pureza como Angelica, tan forzosa
para que obre la enseñanza, que ha
de ser muy perfecto el que ha de
preservar de faltas a otros."
"As5í lo
manifiesfo aque1 mandalo de Dios, 
qüe suessen de or0 aceñdradissimo
la5 fenàcilla5 para despavilar en el 
Santuario."	"Assi lo
manifiesto aquel mandato de Dios, 
que fuessen de oro acendradissimo
las tenazillas para despavilar en el 
Santuario."
"Y por San Mateo dise
que el ensenar no ha de ser con palabras muertas, sino con obras vivas: que es lo mismo que les amonesta el Sabio, de que funden la
doctrina en buen ejemplo, al qual
creen mas los hombres, que a las
palabras que oyen dixo Seneca."	"Y por San Matheo dize
que el enseñar no ha de ser con palabras muertas, sino con obras vivas: que es lo mismo que les amonesta el Sabio, de que funden la
doctrina en buen exemplo, al qual
creen mas los hombres, que a las
palabras que oyen dixo Seneca."
"Debe pués hacersc tan büeno a sï
eí Maeslro quanfo quïerc qüe lo
seañ los Dgeïpülós, y en tòdas las
virtudes táñ exoeïentc, como dize
Santo Thòmas, io qúe en la ca5lïddad
Pïlagóras; el qual no soló coñ su 
dòelriná, y exémplo, ma5 con la
musica inc11nàva a 1à pureza a sus
oyéñtés."	"Debe pues hacerse tan bueno a si
el Maestro quanto quiere que lo
sean los Dicipulos, y en todas las
virtudes tan excelente, como dize
Santo Thomas, lo que en la castidad
Pitagoras; el qual no solo con su 
doctrina, y exemplo, mas con la
musica inclinava a la pureza a sus
oyentes."
"Bien conocio la importancia de esto en sv niñez Sa Malachias, pues no se pudo acavar con
el oyesse licion de un Maestro, a
quien avia vistoh azer algunas ac
ciones indecentes."	"Bien conocio la importancia de esto en su niñez Sa Malachias, pues no se pudo acabar con
el oyesse licion de un Maestro, a
quien avia visto hazer algunas ac
ciones indecentes."
"Segündo motivo, es la ovliga
o1on én que ieſ pónc la eonfianza
de loſ Padres a qüe deven ser àgradecidos para no qucdar cònvenci
dòf de ingratos, pues leſ encargan
lo qüe maſ amán, esfiman, y mas lef
imp0rta: y no es menòs lo que á ios
Padres les va en estó, qúe la cónservàeion de su fonor, estàdo, y vidà, pües fantàſ vezes se vce perder
lá por los desac1crtos de hijos mal
d1sciplinádos, y àun lodas iaſ frés
cosas júntaf."	"Segundo motivo, es la obliga
cion en que les pone la confianza
de los Padres a que deven ser agradecidos para no quedar convenci
dos de ingratos, pues les encargan
lo que mas aman, estiman, y mas les
importa: y no es menos lo que a los
Padres les va en esto, que la conservacion de su honor, estado, y vida, pues tantas vezes se vee perder
la por los desaciertos de hijos mal
disciplinados, y aun todas las tres
cosas juntas."
"Assi lo sintieron aquellos exce1entcs Principes, que con
tanto desuclo buascaron Maestros
de exemplo y doctrina para sus hi
jos, Antonïo Pio, al Filofòso Apolònio, que dio aï Emperador Marco Aurelio su niefo: ei Rey Pelco
de Thesàlia, al gra Fenïx para Ayo
de su hij0 Achiles: Dinisio Rey
de Siciiia, a Plalon: el Rey de Athc
nas pa;ra fu hijo eï vàleròso Aloiviades, à S0erates."	"Assi lo sintieron aquellos excelentes Principes, que con
tanto desuelo buascaron Maestros
de exemplo y doctrina para sus hi
jos, Antonio Pio, al Filosofo Apolonio, que dio al Emperador Marco Aurelio su nieto: el Rey Pelco
de Thesalia, al gra Fenix para Ayo
de su hijo Achiles: Dinisio Rey
de Sicilia, a Platon: el Rey de Athe
nas para su hijo el valeroso Alciviades, a Socrates."
"Nó menos deuen considerar là
parte que en este negocïo tiene la
eausa publica, tan interesada en la
buena cducaeion, parf1cularmcnte
de lós Nobles, cómo lo poñdero el 
Rey Añtogonó de Macdonia al 
Filosofo Zenoñ; y Platoñ, el quál
dlze, que los Reyes de Persla ponian en esto su mayor cúydado,. 
buſcándo los más insigñcs hombres en fu virtud, y letras pára maéstros de 1a xuvenlúd: y de los Romános rctiere Pomponio lo mismó."	"No menos deven considerar la
parte que en este negocio tiene la
causa publica, tan interesada en la
buena educacion, particularmente
de los Nobles, como lo pondero el 
Rey Antogono de Maedonia al 
Filosofo Zenon; y Platon, el qual
dize, que los Reyes de Persia ponian en esto su mayor cuydado, 
buscando los mas insignes hombres en su virtud, y letras para maestros de la juventud: y de los Romanos refiere Pomponio lo mismo."
"Pero nadié ños lo dïzc méjòr
que la coslosa experieñcïa de nuestra Espana eñ eſtà mátteríà."	"Pero nadie nos lo dize mejor
que la costosa experiencia de nuestra España en esta materia."
"Y sin 
duda, que si tanto cuidado se debe
poner en regir con acierto una  sola Republica, se debe m uy mayor 
al perficionar al que ha de regir 
muchas."	"Y sin 
duda, que si tanto cuidado se debe
poner en regir con acierto una sola Republica, se debe muy mayor 
al perficionar al que ha de regir 
muchas."
"Déven assi mismo adverfir, qua
de poco pr0veco es el que á otros
no aprovecha, y cl grañde aprccio 
que haze ía Sagrada Escritura de
los que enseñan, como se vee én 
Daniel; qué ésta en el magisterio
mucha parfe de las obras de mi5ericordlá; y cs dc gran meritò dar
limosna de tán rico tefor0 como
la virtud, y al quc no ïa quïere, sin
mirar sú falla dc reeonocïmiento, 
sino a lo que le conviene; la gloria que sc les hà de ſeguir de que
ſalgan virtúosos, y bién enseñad0s
los dicipuloſ, c0mo meñosprecio, y 
dolor de lo eontrario, porque la
estimacion que con todos se ganá
es mucha, àtribuyendo como lo5 
vicios, tambien lás vírtudes del dicipulo al qúe le enseño."	"Deven assi mismo advertir, qua
de poco provecho es el que a otros
no aprovecha, y el grande aprecio 
que haze la Sagrada Escritura de
los que enseñan, como se vee en 
Daniel; que esta en el magisterio
mucha parte de las obras de misericordia; y es de gran merito dar
limosna de tan rico tesoro como
la virtud, y al que no la quiere, sin
mirar su falta de reconocimiento, 
sino a lo que le conviene; la gloria que se les ha de seguir de que
salgan virtuosos, y bien enseñados
los dicipulos, como menosprecio, y 
dolor de lo contrario, porque la
estimacion que con todos se gana
es mucha, atribuyendo como los 
vicios, tambien las virtudes del dicipulo al que le enseño."
"Mostro es
to el Fylosofo Diogenes, que viendo hazer una travesura a un nino, 
sin dezirle nada a el se bolvio a renir a su Maestro."	"Mostro es
to el Filosofo Diogenes, que viendo hazer una travesura a un niño, 
sin dezirle nada a el se bolvio a reñir a su Maestro."
"Plutarzo, que lo
fue de Trajano, escriviedole la
enhorabuena del Imperio le dize:
Si fueres buen Empeerador, me llamare dichoso, y dare a Dios infinitas gracias, y si lo contrario hizieres sere de todos cargado sin culpa, como lo fue Seneca, por aver
criado al cruel Emperador neron, 
pues debe castigarse en el maestro
el vicio del dicipulo"	"Plutarco, que lo
fue de Trajano, escriviendole la
enhorabuena del Imperio le dize:
Si fueres buen Empeerador, me llamare dichoso, y dare a Dios infinitas gracias, y si lo contrario hizieres sere de todos cargado sin culpa, como lo fue Seneca, por aver
criado al cruel Emperador neron, 
pues debe castigarse en el maestro
el vicio del dicipulo."
"Dezia Thales Míles1o uno de lós ſiete Sabios, 
como l0 refiere Aulo Gelio, qüe
no queria òfro prcmiò de enseñar, 
ſino la gloria de 5aear ún búen dicipulo; y ésto cs hazer honra de la
empresa, sin lo qual nlnguna se yéga con pérféccion a cónseguir: que
alegrla le caúsa a un Arfifice, oyr
que todós aiaban sus obras (y mas
si son de ingeñio, y arté) al hortelano ver cárgado dé hcrmosisisma
fruta el arbol qúe cúítuvo, y él cam
po líen0 de mieſ al labràdor, como 
aí pastòr ver fecündas y con muy
luzidás criás sus ovejás; y quc cierrto es olvidár oon esfo todos los frabajos puestos en tales obras."	"Dezia Thales Milesio uno de los siete Sabios, 
como lo refiere Aulo Gelio, que
no queria otro premio de enseñar, 
sino la gloria de sacar un buen dicipulo; y esto es hazer honra de la
empresa, sin lo qual ninguna se llega con perfeccion a conseguir: que
alegria le causa a un Artifice, oyr
que todos alaban sus obras (y mas
si son de ingenio, y arte) al hortelano ver cargado de hermosisisma
fruta el arbol que cultuvo, y el cam
po lleno de mies al labrador, como 
al pastor ver fecundas y con muy
luzidas crias sus ovejas; y que cierto es olvidar con esto todos los trabajos puestos en tales obras."
"No deven pues ac0bardar a lo5
Maeſtro5 ios que han de reſuilarleſ de ia rcsisfenola, y naturales
fuertes, o inconflante5, .que en lof
nin0s ſueien 5er mas e1ertos (s1end0lo lanlo nucslra nafuraleza) porque iucgo olvidan io que apeteoieron, y a1 contrari0 ay naturales doc1le5 y dleiplinabics, otros rebeldc5, que no sc dexan labrar 0omo
alcunas maderas, piedraf y metalef; lengan paciencia, pues aunque 
les parezca sc mal iogran sus trabajo5, eon clia fe aloanza todo, y como diec Tritollvio, no ay trabajo
sin provecho, ni provccho sin cofta."	"No deven pues acobardar a los
Maestros los que han de resultarles de la resistencia, y naturales
fuertes, o inconstantes, que en los
niños suelen ser mas ciertos (siendolo tanto nuestra naturaleza) porque luego olvidan lo que apetecieron, y al contrario ay naturales dociles y diciplinables, otros rebeldes, que no se dexan labrar como
alcunas maderas, piedras y metales; tengan paciencia, pues aunque 
les parezca se mal logran sus trabajos, con ella se alcanza todo, y como dice Tritolivio, no ay trabajo
sin provecho, ni provecho sin costa."
"delLa doctrina y arte, cegún zintieron Quintiliano, y Ciceron auen
tajan a la naturaleza: al peso mayor la industria y artificio le mueven; y esta doma los Leones, y animales mas ferozes: el ingenio haze
servir al veneno mas mortifero de
remedio para la salud y vida: y del
Emperador Tiberio sabemos tenia
una serpiente por juguete: hasta a
los mudos y sordos ha hallado la
humana industria modo para enseñarlos a hablar, y escrivir."	"La doctrina y arte, según sintieron Quintiliano, y Ciceron aven
tajan a la naturaleza: al peso mayor la industria y artificio le mueven; y esta doma los Leones, y animales mas ferozes: el ingenio haze
servir al veneno mas mortifero de
remedio para la salud y vida: y del
Emperador Tiberio sabemos tenia
una serpiente por juguete: hasta a
los mudos y sordos ha hallado la
humana industria modo para enseñarlos a hablar, y escrivir."
"Tampozo lós in'timiden los exeplos de injratos dicipulos, pues si 
el Emperador Neron hizo dar in
justa muerte a su Maestro Seneca, 
y el apostata Iuliano al ayo Pigme
nio haziendole glorioso martir le
echo en el Rio Tiber; para cada
uno destos (a quien el mundo ha 
tenido por monstruos de fiereza, y
el infierno castigara eternamente)
ha avido infinitos, de que estan llenas las Historias, muy reconocidos
a tal beneficio."	"Tampoco los intimiden los exeplos de ingratos dicipulos, pues si 
el Emperador Neron hizo dar in
justa muerte a su Maestro Seneca, 
y el apostata Iuliano al ayo Pigme
nio haziendole glorioso martir le
echo en el Rio Tiber; para cada
uno destos (a quien el mundo ha 
tenido por monstruos de fiereza, y
el infierno castigara eternamente)
ha avido infinitos, de que estan llenas las Historias, muy reconocidos
a tal beneficio."
"El emporador Antonio Pio puso estatua puvlicà a su
ayo Fronton, y de este, y de los demas Maestros que tuvo ponia medallas de oro colgadas para adorno
de su aposento: io mifmo dize la
istoria dc su yerno Marco Antonio, el qual cada ano adòrnava los
sepu1cros de suſ Maestros difuntos
con muchas floreſ: tambien el Empcrador Augu5to Cesar fue exemplo de agradecidos dicipulos, por 
ias gràndes honras, y esstados que
dio a Antenodoro."	"El emporador Antonio Pio puso estatua publica a su
ayo Fronton, y de este, y de los demas Maestros que tuvo ponia medallas de oro colgadas para adorno
de su aposento: lo mismo dize la
historia de su yerno Marco Antonio, el qual cada año adornava los
sepulcros de sus Maestros difuntos
con muchas flores: tambien el Emperador Augusto Cesar fue exemplo de agradecidos dicipulos, por 
las grandes honras, y esstados que
dio a Antenodoro."
"Y quanto mas
trabajare él Ayo cn hazer virtüoso
á su dicipulo, lañto màs se ásegura
defte peligro, pües adonde ay virtud
jamàs se hallo ïngrat1tud: y como 
aquello se agradeoe, tambíen se irri
ta còntra é1 Maestro que tuvo, el
quc ſe halïa sugeto al vieio por
avérlle sid0 lolerado; esto sucedio
coñ Leònidaf su Ayo a Alexandro
Magno, que le enseño a bévcr vino, y av'iendo conocido uñ d1a estar embriagado, ie mando cchar a
t0s Lcones, diziénd0 era justo
füesse manjar dé brutos, el qúe
dio oausá de que ün hombre fuesse 
brulo."	"Y quanto mas
trabajare el Ayo en hazer virtuoso
a su dicipulo, tanto mas se asegura
deste peligro, pues adonde ay virtud
jamas se hallo ingratitud: y como 
aquello se agradece, tambien se irri
ta contra el Maestro que tuvo, el
que se halla sugeto al vicio por
averle sido tolerado; esto sucedio
con Leonidas su Ayo a Alexandro
Magno, que le enseño a bever vino, y aviendo conocido un dia estar embriagado, le mando echar a
los Leones, diziendo era justo
fuesse manjar de brutos, el que
dio causa de que un hombre fuesse 
bruto."
"Ni meñoſ los acobarde la difciúltad de penefrar el coràz0ñ humano, qüé aunqué cs tan sellado,
tiene el alma sus pulsos por dondc
se cònocc los afeot0s qué aila dentro predóminañ, como dizc San
Basilio, porqúe no es posible dexár de házer salidàs las pàssiones
enccrradás, o la gallardia y magnanimidad dei c0razon: estten púes 
alentos à la5 àcciones, y palàbras
descuydadas de los n1nòs, que eslas ïo mañifiestan quando ño ha lle
gado el arfïficio y málicia."	"Ni menos los acobarde la dificultad de penetrar el corazon humano, que aunque es tan sellado,
tiene el alma sus pulsos por donde
se conoce los afectos que alla dentro predominan, como dize San
Basilio, porque no es posible dexar de hazer salidas las passiones
encerradas, o la gallardia y magnanimidad del corazon: estén pues 
atentos a las acciones, y palabras
descuydadas de los niños, que estas lo manifiestan quando no ha lle
gado el artificio y malicia."
"El filo
sofo Chrisipo llamo a las palabras
arroyos del alma; y Demonacte
esoejo y re'trato."	"El filo
sofo Chrisipo llamo a las palabras
arroyos del alma; y Demonacte
espejo y retrato."
"Djx0 Sócratcs àl
otro mozo, hablá paraq úe te conozca."	"Dixo Socrates al
otro mozo, habla para que te conozca."
"Háziendotc cargò à Cípí0n 
siendò ñïñó, dé que ñ0 cònocia à
10ſ ñòbíe5 de R0ma ooñ qu1eñ trafàva, respóñdï0 severo: mas pr0óuró hàzcr mi ñombre cònoo1do de
lòf demaſ, que saber ilò los fuyos."	"Haziendole cargo a Cipion 
siendo niño, de que no conocia a
los nobles de Roma con quien tratava, respondio severo: mas procuro hazer mi nombre conocido de
los demas, que saber yo los suyos."
"Y no menos manifiesta esfo ia respuesta del valer0so mozo Don Iva
dc Austria, quan;do vivia sin saber
la dicha de ser hijo del Emperador
Carlos Quinto, que prejuntandole Luys Quixada, si sabla, tirar un
areabuz;, respondio, y aun eſperarle."	"Y no menos manifiesta esto la respuesta del valeroso mozo Don Iva
de Austria, quando vivia sin saber
la dicha de ser hijo del Emperador
Carlos Quinto, que preguntandole Luys Quixada, si sabia, tirar un
arcabuz, respondio, y aun esperarle."
"Pueſ aqucl Pcrlado y Santo Atha
nasio blen manït1est0 en to5 juegos
de su nineo lo quc abia dc fer, introduziendo en clïof las ceremonias de la Igïeſïa, oon tal gravedàd, 
que fueron dignaſ tat vez, de ser
apròbadas, y tcn1da5 p0r verat."	"Pues aquel Perlado y Santo Atha
nasio bien manifiesto en los juegos
de su niñez lo que avia de ser, introduziendo en ellos las ceremonias de la Iglesia, con tal gravedad, 
que fueron dignas tal vez, de ser
aprobadas, y tenidas por veras."
"El
Gran Tamorian, eomo dize Pedr0
Mexia, cmpezo a fingírlc Réy éñlre los ninos pastoréſ, y prosiquiendolo sàlio c0n lo qúe parecé esfava
tan lexos de poderse conseguir."	"El
Gran Tamorlan, como dize Pedro
Mexia, empezó a fingirle Rey entre los niños pastores, y prosiguiendolo salio con lo que parece estava
tan lexos de poderse conseguir."
"Confirma eſl0 aver conoeido San
Gregorio Nazianzeno al m0zuelo Iluiano, mirando sus ojos inquietof y mòfadoref, fus risas dlsolutàs, y paſos de5compucstos, de 
que fe lastimo diz1edo: 0 quan rgadc mal cria en este m0zo el Romano Imperio! El qual tan indignamente govemo despues que fue
tenido p0r la ma5 fiera y desenfrcnàda bestià en muchas edades visf"	"Confirma esto aver conocido San
Gregorio Nazianzeno al mozuelo Iuliano, mirando sus ojos inquietos y mofadores, sus risas disolutas, y pasos descompuestos, de 
que se lastimo diziedo: o quan grade mal cria en este mozo el Romano Imperio! El qual tan indignamente governo despues que fue
tenido por la mas fiera y desenfrenada bestia en muchas edades vista."
"Alienten la confianza en esta
empresa los Maeatros (qve della se
suele dezir vence impossibles) pidiendo a Dios las fuerzas, que a la
humana flaqueza faltan, :y empiecen a obrar con industria, tolerancia, y desuelo en los niños desde sus
primeros años, que assi lo aconseja
el Espiritu Santo, pues sin duda coservan siempre como el vaso el
olor del primer licor que recibe."	"Alienten la confianza en esta
empresa los Maestros (que della se
suele dezir vence impossibles) pidiendo a Dios las fuerzas, que a la
humana flaqueza faltan, y empiecen a obrar con industria, tolerancia, y desuelo en los niños desde sus
primeros años, que assi lo aconseja
el Espiritu Santo, pues sin duda coservan siempre como el vaso el
olor del primer licor que recibe."
"Esto lo manifiesta ía experienciá, y 
hasta eñ los animales se halla impossible la ensenanza siño se empieza desdé luego, affi lo sieñte
Píinio, y otros, que éscriúen de ſus
naturalezáſ; particuíarménte lós
pápágàyos y pioaza5 (dizedn) ñó
aprenden a hàblar si pas5an de dos, 
o lres anos."	"Esto lo manifiesta la experiencia, y 
hasta en los animales se halla impossible la enseñanza sino se empieza desde luego, assí lo siente
Plinio, y otros, que escriven de sus
naturalezas; particularmente los
papagayos y picazas (dizen) no
aprenden a hablar si passan de dos, 
o tres años."
"En la ternura :de là nlnez se enderezà facilmente estc arbolillo, que con mucha propicdad 
dize serlo cl hombre, mas repartanles la doctrina 5ejun la edad, que
aunque se la han de dar en qualquiera, pues para aprender virtud 
no fe ha de rcparar en esso, no fodo
es para lodas."	"En la ternura de la niñez se endereza facilmente este arbolillo, que con mucha propiedad 
dize serlo el hombre, mas repartanles la doctrina según la edad, que
aunque se la han de dar en qualquiera, pues para aprender virtud 
no se ha de reparar en esso, no todo
es para todas."
"L0cn li corrijan, que
coñ premiosh onrosos se aliénlan
íòs geñerosos animoso5, y San Pablo díze, qüe no se acóvarde a l0s
nlños porque sc crian fln val0r, si
no que con maña los encaminen á
la virtud."	"Loen y corrijan, que
con premios honrosos se alientan
los generosos animosos, y San Pablo dize, que no se acovarde a los
niños porque se crian sin valor, si
no que con maña los encaminen a
la virtud."
"Jamas les to1ercn falfa, que nó
ay niñguna quc devàn miràr co
m0 pe.quena de qjañtas desoubrie
réñ, pues l0s grandes iñccndios
empiézañ pòr pequenas brasas, y
los riós caudatosos, t1eneñ su origeñ de arroyúelos."	"Jamas les toleren falta, que no
ay ninguna que devan mirar co
mo pequeña de quantas descubrie
ren, pues los grandes incendios
empiezan por pequeñas brasas, y
los rios caudalosos, tienen su origen de arroyuelos."
"Sàñ Leóñ, y Ptutarcó, dixeroñ que erà ditioultoso, 
qüe el errar consént1do ño llegasfe ai extrem0 de1 mat."	"San Leon, y Plutarco, dixeron que era dificultoso, 
que el errar consentido no llegaste al extremo del mal."
"Aristoteles, 
Platon, y Socrates dizen, que no solo es dificil su reparo sino impossible: assi mostraron sentirlo aquellos Sabios Republicos de Athenas, quando condenaron a muerte 
en diferente ocasiones a dos niños, el primero por auer tomado 
una plancha de oro de la corona
que se avia caydo a su Diosa Diana; y el otro, porque saco los ojos 
a una coneja con un punzon jugando con ella, atendiendo a la naturaleza que descubrian."	"Aristoteles, 
Platon, y Socrates dizen, que no solo es dificil su reparo sino impossible: assi mostraron sentirlo aquellos Sabios Republicos de Athenas, quando condenaron a muerte 
en diferente ocasiones a dos niños, el primero por aver tomado 
una plancha de oro de la corona
que se avia caydo a su Diosa Diana; y el otro, porque saco los ojos 
a una coneja con un punzon jugando con ella, atendiendo a la naturaleza que descubrian."
"Más para apoyar eſta berdàd, solo basta aquella
tan sabida historia, y porlentofa
que ouenta San Grejorio en sus
dialagòf dél niño de cinco años, 
que por tcner coftumbre de blàsſemar, é5tandolo haziendó uñ dia
en los brazos de su padre,. sc le àrrebatáron lós demonios visiblemeñte, y llevaron en eucrpo y alma."	"Mas para apoyar esta verdad, solo basta aquella
tan sabida historia, y portentosa
que cuenta San Gregorio en sus
dialagos del niño de cinco años, 
que por tener costumbre de blasfemar, estandolo haziendo un dia
en los brazos de su padre, se le arrebataron los demonios visiblemente, y llevaron en cuerpo y alma."
"No hágan tos Maestros lo que
dixò cl Fllòsopho Carenades, que
lá causa de no aprender íos ilustres
y Principes ninios, érà no tratárlos
con la gravcdad que pide ci Magisterio, sino con àdulácioni y òstetaoión; como niof lo dio a enitender el Christianissimo Emperàdor
theodosïo, quando se enogo de hallar a sus hiios senladós tomando 
licion de Arsenio, quc se la dava
eni pie."	"No hagan los Maestros lo que
dixo el Filosopho Carenades, que
la causa de no aprender los ilustres
y Principes niños, era no tratarlos
con la gravedad que pide el Magisterio, sino con adulacion y ostetacion; como nos lo dio a entender el Christianissimo Emperador
theodosio, quando se enojo de hallar a sus hijos sentados tomando 
licion de Arsenio, que se la dava
en pie."
"Dixo bien otro Filosofo a
este proposito, ques olo aprendian
bien los señores a andar a caballo, 
porque los caballos no sabian lisonjas."	"Dixo bien otro Filosofo a
este proposito, que solo aprendian
bien los señores a andar a cavallo, 
porque los cavallos no sabian lisonjas."
"Obligveñlos lambien à huyr ia
ociósidad, y cóntinuár él trabago
mcdido con sus fuerzas, pues fe eñganan táñto los que dizen puéde
ser danof0 a la ſalüd, quc Gateno lo
Ordéña para vïvir cón dla; y sin dudà àl que assi se crià sé le haze eoñnatürál,  el que con regalo sieñte
déspues múcho m as lof lnexeu5ables."	"Obliguenlos tambien a huyr la
ociosidad, y continuar el trabajo
medido con sus fuerzas, pues se engañan tanto los que dizen puede
ser dañoso a la salud, que Galeno lo
Ordena para vivir con ella; y sin duda al que assi se cría se le haze connatural,  el que con regalo siente
despues mucho mas los inexcusables."
"Y si en todos los nin0s es eflò 
conven1entisim0, qúanto mas en
l0s Nobles, qüe han de àoometer 
hcchoſ grandes, para ïos quales coviéne féner perdido él miedo aï trabajo?
Pongase grande cüydado en
quc salgan müy 1nclinad0s à las
dos virtudé5 de Réïïgion, y Hònest1dad, qüc lan ámadòs loſ hazcn de
Dios, y de los hombrcſ; acuerdenleſ muy à mcnudó aqúéllà scnlenoia mémòrablc qúé dljó Senéoa:
Si supiesse, que ios Dio5cs no ïó
avián de ver, ni íos hombres ſàber, 
dexària de péeàr en él viclo de la
inoòntlnenoia, so1o por la vilezà
del."	"Y si en todos los niños es esto 
convenientisimo, quanto mas en
los Nobles, que han de acometer 
hechos grandes, para los quales coviene tener perdido el miedo al trabajo?
Pongase grande cuydado en
que salgan muy inclinados a las
dos virtudes de Religion, y Honestidad, que tan amados los hazen de
Dios, y de los hombres; acuerdenles muy a menudo aquella sentencia memorable que dixo Seneca:
Si supiesse, que los Dioses no lo
avian de ver, ni los hombres saber, 
dexaria de pecar en el vicio de la
incontinencia, solo por la vileza
del."
"Con este faltan a Di0s, y á sus
àlmas, ponen en pe11gro sús vidaf y
salúd, destruyen la reputacion y haziendaf, hazense brülòs, y de oíegos entendimientós, sïcñdo conti
ñuo escándalo de las Repub1icaf; y 
ássi se dcbe cuydar much0 de ápartar 15o mòzos de tales ocasiones, 
preservandolos jüntamente de otros vicios, que desde la niñez 
suclen echar muy hondas rayzeſ, 
uno dellos es el jüego, como dize
Scnecà es de la propiedad del pc
rro rabioso, que si una véz múérde, dura en el mordidó la rabia foda lá vida; y lo qüé importa menós, cs el dinero que áveñturan a
perder, pues lós vicios qüe a1ll sc
cobrán deveñ mucho tcmersc: eï
otr0 es mentir, falta tañ grave, y
mas cn personas Nobles, que 5ol0
por eïïá determino el Emperador
Marco Aurelio privar del Imperio
a Commodo su hijo (aüñque nó ío
consiguio, por faltàrle én tíerna
edad otro virtüóso, en quien tenia
puestas su esperazas, y Móñarquia)
Efte Priñcipé, muy mayór por su
virtud y sabidur1a, que por ser cabezà dél mundo, aviendo con gran
dcsuelo escogido éntrc muchos ios
Maestros para el Principe Cómmodò, lcs d1xo aí tiempó de entrcgarscle, las palabras que yo quiero 
pór los mios hàziendolas propias
rcferir aquí: Tened en mucho, dize, lo que yo 0s encomiendo, quc
enseñar loſ que han de governar
én 1a tierrà, cs exeroitar ei oficio de 
las Deidàdes del Cieío, pues rigeñ
al que ha dé regir, dootrinan al qúe 
ha de docfrinar, corrigen al que ha
de corregir, y mandan al qué a muchos ha de mandar."	"Con este faltan a Dios, y a sus
almas, ponen en peligro sus vidas y
salud, destruyen la reputacion y haziendas, hazense brutos, y de ciegos entendimientos, siendo conti
nuo escandalo de las Republicas; y 
assi se debe cuydar mucho de apartar los mozos de tales ocasiones, 
preservandolos juntamente de otros vicios, que desde la niñez 
suelen echar muy hondas rayzes, 
uno dellos es el juego, como dize
Seneca es de la propiedad del pe
rro rabioso, que si una vez muerde, dura en el mordido la rabia toda la vida; y lo que importa menos, es el dinero que aventuran a
perder, pues los vicios que alli se
cobran deven mucho temerse: el
otro es mentir, falta tan grave, y
mas en personas Nobles, que solo
por ella determino el Emperador
Marco Aurelio privar del Imperio
a Commodo su hijo (aunque no lo
consiguio, por faltarle en tierna
edad otro virtuoso, en quien tenia
puestas su esperazas, y Monarquia)
Este Principe, muy mayor por su
virtud y sabiduria, que por ser cabeza del mundo, aviendo con gran
desuelo escogido entre muchos los
Maestros para el Principe Commodo, les dixo al tiempo de entregarsele, las palabras que yo quiero 
por los mios haziendolas propias
referir aquí: Tened en mucho, dize, lo que yo os encomiendo, que
enseñar los que han de governar
en la tierra, es exercitar el oficio de 
las Deidades del Cielo, pues rigen
al que ha de regir, doctrinan al que 
ha de doctrinar, corrigen al que ha
de corregir, y mandan al que a muchos ha de mandar."
"Ec el Ayo de 
un Principe governalle de na,o, es
tandarte de exercito, guion de Reyes, atalaya de pueblos, guia de caminos, padre de huerfanos, esperanca de pobres, y tesoro de la Republica."	"Es el Ayo de 
un Principe governalle de nao, es
tandarte de exercito, guion de Reyes, atalaya de pueblos, guia de caminos, padre de huerfanos, esperanza de pobres, y tesoro de la Republica."
"Eneargo os mi honrá, pucs
ño tieñe cl padre muerto, sino 1á
qúe lc da con suf vírtüdes el hïijo
que le súcede; y miràd, que no ha
de dormir aquel de quien tañto sé
fia, que los generosos y savios, a la 
mayor coñfianza correspondeñ co
la máyor diligencia: no sól0 fráteys
de enseñaríe, sino principatmente
preservàrlc de los vic1os; considerad quan jufto es, qué el viñadero
pague los daños heeho5 en la viña
de qüe se encargo; y no lanfò le
enſeñeis sutlleza de palavras qúañto virtuosas obras, el temor de los 
Dioses, de los Fïíosofos la ciencia, 
de los antiguos la virlud, de los àneianos ei repòso, y dé todof los bue
nos lo buéño; Y protesto, que si este hijo no me salierc oomo dcseo, 
dello no mc séa hecho càrgo por 
los Dioses, ni por aquellos qüe le 
han dé comunicar, y subdítos a
quien ha de góvernar, pücs no esta
mas obligad0 et buen padre, qué a
déstetár a sús hijos del vioio y re
gato, y encomendarlos al Ayo virtuo"	"Encargo os mi honra, pues
no tiene el padre muerto, sino la
que le da con sus virtudes el hiijo
que le sucede; y mirad, que no ha
de dormir aquel de quien tanto se
fia, que los generosos y sabios, a la 
mayor confianza corresponden co
la mayor diligencia: no solo trateys
de enseñarle, sino principalmente
preservarle de los vicios; considerad quan justo es, que el viñadero
pague los daños hechos en la viña
de que se encargo; y no tanto le
enseñeis sutileza de palabras quanto virtuosas obras, el temor de los 
Dioses, de los Filosofos la ciencia, 
de los antiguos la virtud, de los ancianos el reposo, y de todos los bue
nos lo bueno; Y protesto, que si este hijo no me saliere como deseo, 
dello no me sea hecho cargo por 
los Dioses, ni por aquellos que le 
han de comunicar, y subditos a
quien ha de governar, pues no esta
mas obligado el buen padre, que a
destetar a sus hijos del vicio y re
galo, y encomendarlos al Ayo virtuoso."
"elalMuévé a gran làstima, qüe
hombre dé tal zclo no cónocícsse
cl unico, s0lo, y verdádéro Dios, 
que cs lo que en csta pïatica fc devc reprobár, con la qüal remafándo cí difcúrsó, les tràyg0 a là memoria to ma5 importañte, que és e1 
cargò gràñde dc sus cóncíenciaſ, y
cl prcm1o, o eástigo de Dlós, que
por infinitos éjemplos de la Efcriſúrá Sagrada y olros, hal1arañ puédén c5péràr scgún se p0rfàreñ en t.a
edueacion dc sus dio1pulot."	"Mueve a gran lastima, que
hombre de tal zelo no conociesse
el unico, solo, y verdadero Dios, 
que es lo que en esta platica se deve reprobar, con la qual rematando el discurso, les traygo a la memoria lo mas importante, que es el 
cargo grande de sus conciencias, y
el premio, o castigo de Dios, que
por infinitos exemplos de la Escritura Sagrada y otros, hallaran pueden esperar según se portaren en la
educacion de sus dicipulos."
"Y pára
esto lmporfara mucho el apreci0
de ia dignidad del Magisterio tan
calisicada con aver Dios emviado
a ios hombres hijos àdoptivos suyos, por Ayo, y Maestro a Chr1sto, como lo pondérá Clemente Alexandr1no."	"Y para
esto importara mucho el aprecio
de la dignidad del Magisterio tan
calificada con aver Dios embiado
a los hombres hijos adoptivos suyos, por Ayo, y Maestro a Christo, como lo pondera Clemente Alexandrino."
"EXHOR:TACION
a lòs Djs1pvt0s."	"EXHORTACION
a los Dicipulos."
"enDe poca importacia
seria hijos mios el 
desuelo de bues
tros padres, en
buscar Ayos, y
Maestros a quien 
se pueda fiar ta importate negocio
como vuestra educacion, sino po
neys en esto el rendimiento, dexando os con docilidad, y obediecia labrar dellos (para salir con los
excelentes realces de las virtudes)
y el trabajo sin el qual no se pueden aprender las ciencias, ni conseguir cosa de valor: tanto es lo que
os va en esto, que aunque tengays
sangre ilustre, no lo sereys verdaderamente, sino imitays las virtudes con que os la ganaron vuestros
antecessores; y pues el acamino escogido en la primera edad dura to
da la vida (como dize el Espiritu
Santo), sino aprendeys ellas en la niñez (tiempo en que se ha de tomar
el iugo) os quedareys para siempre
sin ellas, siendo como dixo aquel
Filosofo del noble que no la tiene,
espada de palo en vayna de oro, o
estatua vaciada del cubierta de diamantes, y llena de lodo en lo interior."	"De poca importacia
seria hijos mios el 
desuelo de vues
tros padres, en
buscar Ayos, y
Maestros a quien 
se pueda fiar ta importate negocio
como vuestra educacion, sino po
neys en esto el rendimiento, dexando os con docilidad, y obediecia labrar dellos (para salir con los
excelentes realces de las virtudes)
y el trabajo sin el qual no se pueden aprender las ciencias, ni conseguir cosa de valor: tanto es lo que
os va en esto, que aunque tengays
sangre ilustre, no lo sereys verdaderamente, sino imitays las virtudes con que os la ganaron vuestros
antecessores; y pues el acamino escogido en la primera edad dura to
da la vida (como dize el Espiritu
Santo), sino aprendeys ellas en la niñez (tiempo en que se ha de tomar
el iugo) os quedareys para siempre
sin ellas, siendo como dixo aquel
Filosofo del noble que no la tiene,
espada de palo en vayna de oro, o
estatua vaciada del cubierta de diamantes, y llena de lodo en lo interior."
"Es çosa ordinaria el represen
tar la naturaleza, y amor propio
(que mejor podiamos llamar odio)
jrandes dificultades en esta empressa; y de las tres mayores trata
re aquí: la primera contra lo que se
enseña: segunda, contra el que lo 
enseña; y mucho mas contra el mo
do, que es la sugecion, y tercera; 
las quales deseo allanaros, dando a
conocer al entendimiento, lo que
debe aceptar la voluntad, que son
lor dos brazos del alma tan necessarios para dar perfeccion a qualquiera obra."	"Es cosa ordinaria el represen
tar la naturaleza, y amor propio
(que mejor podiamos llamar odio)
grandes dificultades en esta empressa; y de las tres mayores trata
re aquí: la primera contra lo que se
enseña: segunda, contra el que lo 
enseña; y mucho mas contra el mo
do, que es la sugecion, y tercera; 
las quales deseo allanaros, dando a
conocer al entendimiento, lo que
debe aceptar la voluntad, que son
lor dos brazos del alma tan necessarios para dar perfeccion a qualquiera obra."
"Es pues lo qué aveys de áprendér, la virtud en prímér 1ugar, 1a
qual esfays mas ob1lgados a seguir
por ser Nobles, cuyof c0razones
oomo dixo Lampridi0 han de as
p1rar con generosidad a la5 mas súblimes empresa"	"Es pues lo que aveys de aprender, la virtud en primer lugar, la
qual estays mas obligados a seguir
por ser Nobles, cuyos corazones
como dixo Lampridio han de as
pirar con generosidad a las mas sublimes empresas."
"Dize Boécio: el
maor bien de la Nobleza, e5 obllgar a la la virtud; y en ofra parte: 
lòs hombref sin virtud no 5é han
de llamar absòlutàmente hombres, 
ñi àdmitir que tengan entidad y
5ér, pués les salta él mcjor, qüe es
el moraí, y la, semejañza de Dios."	"Dize Boecio: el
maor bien de la Nobleza, es obligar a la la virtud; y en otra parte: 
los hombres sin virtud no se han
de llamar absolutamente hombres, 
ni admitir que tengan entidad y
ser, pues les falta el mejor, que es
el moral, y la semejanza de Dios."
"Demostenes tan cónocjdo por su
eloquencia, dize: el justo es Novle, y al que no lo fuere, aunque
tenga padre mas esclarecido que 
si Iupiter le juzgare infame: y es asi, 
que la Nobleza por los ascendientes es bien ageno, y la que se adquiere por virtud es propio; por lo
qual sintio el Sabio Solon, que esta
hazia gran ventaja a la primera."	"Demostenes tan conocido por su
eloquencia, dize: el justo es Noble, y al que no lo fuere, aunque
tenga padre mas esclarecido que 
si Iupiter le juzgare infame: y es asi, 
que la Nobleza por los ascendientes es bien ageno, y la que se adquiere por virtud es propio; por lo
qual sintio el Sabio Solon, que esta
hazia gran ventaja a la primera."
"Ciceron nós dice, que ninguniá cosá ay tan digná de ser amadá como
la virtud, y virtuos0."	"Ciceron nos dize, que ninguna cosa ay tan digna de ser amada como
la virtud, y virtuoso."
"Aristoteles,
que io se le puede dar a la virtud
tanta honra cfomo eya merece."	"Aristoteles,
que no se le puede dar a la virtud
tanta honra como ella merece."
"Los 
F1lososoſ Estoícos, oomò refyere
San Aguſtin, tuuieroñ opinion, de
qúe nó abia otro blen én cí mundó sinio la Virtüd."	"Los 
Filosofos Estoicos, como refiere
San Agustin, tuvieron opinion, de
que no avia otro bien en el mundo sinio la Virtud."
"Al cóñtrariò como el mismo Aristoleles dixo a
Aléxandro Magno: el qúe se en
tregare a los deteyles, bolvïéndo
lás espaldas a la vírtvd, no tendrá
ótra gloria sino de imifador de los 
brutoſ; á lós quales dize muy bien
Boecio no avria razon para negárles ta bienaventüranza desta vida, 
su consïstiera como juzgan lo5 hom
bres ciegóf, en gozar l0s güſtos
della, pues cl emp1eó, y connato de
los animales, es siempre cn el cúmplimicnto dc sus bestiales apetito"	"Al contrario como el mismo Aristoteles dixo a
Alexandro Magno: el que se en
tregare a los deleytes, bolviendo
las espaldas a la virtud, no tendra
otra gloria sino de imitador de los 
brutos; a los quales dize muy bien
Boecio no avria razon para negarles la bienaventuranza desta vida, 
si consistiera como juzgan los hom
bres ciegos, en gozar los gustos
della, pues el empleo, y connato de
los animales, es siempre en el cumplimiento de sus bestiales apetitos."
"enConsiderar tambien quan poderosos son los buenos, como flacos 
los malos; estos sacan de todo, mal;
los otros de todo, bien; siempre e l 
birtuoso tiene premio y bienaventuranza, aun en los azares; el vicio 
castiga con infelicidad aun en los 
gustos, que como dixo el otro Filosofo, la sabiduria, salud, hermosura, riquezas, seniorio que el mundo llama bienes, son verdaderos
males en aquel a quien le falta virtud y aun lo es la misma vida, pues
de todo usa mal."	"Considerar tambien quan poderosos son los buenos, como flacos 
los malos; estos sacan de todo, mal;
los otros de todo, bien; siempre el 
virtuoso tiene premio y bienaventuranza, aun en los azares; el vicio 
castiga con infelicidad aun en los 
gustos, que como dixo el otro Filosofo, la sabiduria, salud, hermosura, riquezas, señorio que el mundo llama bienes, son verdaderos
males en aquel a quien le falta virtud y aun lo es la misma vida, pues
de todo usa mal."
"Y pará qúe avíendo pòr ïo dicho enlendído quan bieñ o5 esta 
aprender virtud, conozcáys si usàys
aprovechand0 en ella (aunque ésto 
solo ha de ser para coñfündiros, y
enmendar la negligeñcia con que 
en ello os haltarede5) pondre aqui
brévemente las senales que da Pïutarco, qaue todaſ son doctrlna ex
celente, y eoñtuſion dc los Catollcos ño quererla áprender, sabíendo tañ bien enfenarlá uñ Gent-ll."	"Y para que aviendo por lo dicho entendido quan bien os esta 
aprender virtud, conozcays si usays
aprovechando en ella (aunque esto 
solo ha de ser para confundiros, y
enmendar la negligencia con que 
en ello os hallaredes) pondre aquí
brevemente las señales que da Plutarco, que todas son doctrina ex
celente, y confusion de los Catolicos no quererla aprender, sabiendo tan bien enseñarla un Gentil."
deEi primer indicio do aprovcehar dise, ef fener amor a la virtud.	El primer indicio de aprovechar dize, es tener amor a la virtud.
"Y tac este andar siempre son
súdor en el camino della peleando
con losvicios."	"Y tras este andar siempre con
sudor en el camino della peleando
con los vicios."
"Hallar a mano la racon, qbe cosuele ll responda a toda contradicion y oposicion, pues la ha de aver
de muchos."	"Hallar a mano la razon, que cosuele y responda a toda contradicion y oposicion, pues la ha de aver
de muchos."
"Pacjencíà y coñslancía 5iñ perlurvarſe pòr eſso, con0rtándose a
quc ïóſ que ño 51gúen, ni apreciañ
là virtud, hà de vifuperár y perseguir à los que la àbrazàn."	"Paciencia y constancia sin perturbarse por esso, conortandose a
que los que no siguen, ni aprecian
la virtud, ha de vituperar y perseguir a los que la abrazan."
"Va benciendo, cl que haziendo
còtejo de los vici0s a las virtudes, 
se fortalece para pa5sar por las dificultades."	"Va venciendo, el que haziendo
cotejo de los vicios a las virtudes, 
se fortalece para passar por las dificultades."
"conbertir la doctrina qve se
oye, y lee, en 'exercicio."	"convertir la doctrina que se
oye, y lee, en exercicio."
Imitar tos ejémpios de los v1rtuoſos, huyendo de loſ vie1osos.	Imitar los exemplos de los virtuosos, huyendo de los viciosos.
"No qucrer aptau5o, ni ostentar 
en platieas ia virtud, ni en ellas eorregir oon inxuria a nadie."	"No querer aplauso, ni ostentar 
en platicas la virtud, ni en ellas corregir con injuria a nadie."
Menospreeïar los ddeléytcs.	Menospreciar los deleytes.
"Tener modest ia con verdad y 
llanec,a."	"Tener modestia con verdad y 
llaneza."
"Ser corrcgibles, y acepla de
bucnà gana la répreens1oñ."	"Ser corregibles, y aceptar de
buena gana la reprehension."
"Andar coñ cuydado ed :no dar
eñ nada mal exemp;lo."	"Andar con cuydado de no dar
en nada mal exemplo."
"Pagar coñ gracia los oprobios a
los enémígo5, y l1.evarlo5 con sevcr1dad"	"Pagar con gracia los oprobios a
los enemigos, y llevarlos con severidad."
Qve hacta 1os suenos seàn de çosaas honeſ,ta5 y virtuossas	Que hasta los sueños sean de cosaas honestas y virtuosas.
Conoser en si la5 p;assiones ensrenadas y svjetas a la razon.	Conocer en si las passiones enfrenadas y sujetas a la razon.
"Amar a lós virtuyosos, y no escàndá1ízarse de sús saítïllàs, que son
iunare5 en lá vírfud."	"Amar a los virtuosos, y no escandalizarse de sus faltillas, que son
lunares en la virtud."
Hallarsc con 'eoraz0n prebe	Hallarse con corazon preveni
